prefix,gloss,taccs,vaccs,bepoch,bacc,bN,bvacc,time
as=cifar10=vit=distill=single,1.5763872861862183,"[0.17886, 0.19984, 0.24104, 0.31592, 0.3726, 0.39686, 0.42838, 0.44712, 0.44998, 0.45032, 0.44982, 0.4543]","[0.2641, 0.3046, 0.3563, 0.4195, 0.4913, 0.5412, 0.5821, 0.6102, 0.6115, 0.6218, 0.6216, 0.6243]",0,0.6243,7,0.6102,505.2457900047302
as=cifar10=vit=distill=single,1.3023782968521118,"[0.23452, 0.26218, 0.32884, 0.41908, 0.4774, 0.5141, 0.55228, 0.5654, 0.57074, 0.57056, 0.57098, 0.571]","[0.2988, 0.3428, 0.3937, 0.49, 0.58, 0.6337, 0.6683, 0.6806, 0.6869, 0.688, 0.6908, 0.6894]",1,0.6908,7,0.6806,1016.5767002105713
as=cifar10=vit=distill=single,1.0241332054138184,"[0.25452, 0.28502, 0.36614, 0.44632, 0.5113, 0.55286, 0.59226, 0.60274, 0.60734, 0.60664, 0.60842, 0.60854]","[0.2913, 0.3125, 0.4376, 0.49, 0.5873, 0.635, 0.6826, 0.6947, 0.7, 0.7003, 0.7006, 0.6974]",2,0.7006,6,0.6826,1531.5592677593231
as=cifar10=vit=distill=single,1.0932040214538574,"[0.2653, 0.30316, 0.38992, 0.47018, 0.53476, 0.58034, 0.61408, 0.62686, 0.62992, 0.63184, 0.63314, 0.63266]","[0.3299, 0.3382, 0.4652, 0.5458, 0.6424, 0.6944, 0.7232, 0.7381, 0.7444, 0.7498, 0.7469, 0.7473]",3,0.7498,7,0.7381,2046.2897634506226
as=cifar10=vit=distill=single,0.8881741762161255,"[0.27524, 0.3177, 0.40642, 0.48326, 0.54612, 0.6052, 0.62998, 0.64216, 0.64886, 0.64958, 0.65056, 0.65146]","[0.3071, 0.3607, 0.4132, 0.5529, 0.6497, 0.7007, 0.7312, 0.7409, 0.7461, 0.7495, 0.7469, 0.7476]",3,0.7498,7,0.7381,2562.498638153076
as=cifar10=vit=distill=single,1.0060778856277466,"[0.27738, 0.33048, 0.41618, 0.49532, 0.55902, 0.61498, 0.64796, 0.65984, 0.66538, 0.6675, 0.66842, 0.66912]","[0.3391, 0.4025, 0.4735, 0.5877, 0.6525, 0.7252, 0.7514, 0.7599, 0.763, 0.7654, 0.7633, 0.7617]",5,0.7654,6,0.7514,3080.88347530365
as=cifar10=vit=distill=single,0.8521769046783447,"[0.29836, 0.34234, 0.42238, 0.5011, 0.5693, 0.62798, 0.66024, 0.67228, 0.67884, 0.68234, 0.6833, 0.6823]","[0.334, 0.3868, 0.4681, 0.572, 0.648, 0.7087, 0.7374, 0.7525, 0.7573, 0.7628, 0.7613, 0.762]",5,0.7654,6,0.7514,3592.324880361557
as=cifar10=vit=distill=single,0.8183233737945557,"[0.30066, 0.35226, 0.4319, 0.51146, 0.57632, 0.64286, 0.67026, 0.6831, 0.68964, 0.69026, 0.6922, 0.69192]","[0.3258, 0.4001, 0.4817, 0.5749, 0.6569, 0.7293, 0.7507, 0.7658, 0.7687, 0.7724, 0.7726, 0.7712]",7,0.7726,7,0.7658,4107.686046123505
as=cifar10=vit=distill=single,0.8644202947616577,"[0.30516, 0.3554, 0.44066, 0.51856, 0.58522, 0.65474, 0.67952, 0.69382, 0.70062, 0.7037, 0.7038, 0.70322]","[0.344, 0.4129, 0.4965, 0.5731, 0.6578, 0.7468, 0.7619, 0.782, 0.7862, 0.7908, 0.7913, 0.7876]",8,0.7913,7,0.782,4621.174726009369
as=cifar10=vit=distill=single,0.7736824750900269,"[0.3077, 0.3589, 0.44364, 0.5253, 0.59184, 0.6607, 0.68706, 0.70142, 0.70884, 0.71256, 0.71274, 0.71138]","[0.3641, 0.4275, 0.4949, 0.5761, 0.6675, 0.7379, 0.7627, 0.783, 0.7881, 0.7924, 0.7905, 0.7906]",9,0.7924,7,0.783,5134.8311603069305
as=cifar10=vit=distill=single,0.8574565052986145,"[0.31092, 0.36058, 0.44514, 0.5252, 0.59284, 0.6655, 0.69536, 0.70696, 0.7146, 0.718, 0.71908, 0.71988]","[0.3779, 0.4319, 0.5428, 0.6214, 0.7016, 0.7734, 0.7989, 0.8099, 0.8152, 0.8203, 0.8195, 0.8185]",10,0.8203,7,0.8099,5646.597241640091
as=cifar10=vit=distill=single,0.8978832960128784,"[0.3162, 0.36698, 0.45108, 0.53232, 0.59604, 0.66752, 0.7027, 0.71598, 0.72274, 0.72728, 0.7279, 0.72736]","[0.3661, 0.451, 0.5018, 0.5934, 0.6847, 0.7602, 0.7935, 0.8055, 0.8078, 0.8114, 0.8089, 0.8097]",10,0.8203,7,0.8099,6160.318507194519
as=cifar10=vit=distill=single,0.8020787239074707,"[0.3198, 0.36852, 0.4538, 0.53462, 0.60382, 0.67558, 0.70942, 0.7236, 0.7315, 0.73562, 0.73628, 0.7361]","[0.3604, 0.4379, 0.525, 0.6077, 0.6865, 0.7651, 0.797, 0.8083, 0.8174, 0.8203, 0.8218, 0.8225]",12,0.8225,7,0.8083,6669.621676445007
as=cifar10=vit=distill=single,0.7446311116218567,"[0.32226, 0.37612, 0.4545, 0.53946, 0.60702, 0.67824, 0.71754, 0.73042, 0.73838, 0.74194, 0.74304, 0.74238]","[0.375, 0.4222, 0.5019, 0.6078, 0.6872, 0.7685, 0.8018, 0.8122, 0.8108, 0.8157, 0.8188, 0.8174]",12,0.8225,7,0.8083,7184.645017385483
as=cifar10=vit=distill=single,0.9304586052894592,"[0.3233, 0.37358, 0.45814, 0.5425, 0.61074, 0.68558, 0.72358, 0.73614, 0.74532, 0.7493, 0.74948, 0.74884]","[0.3739, 0.4292, 0.5248, 0.6178, 0.7019, 0.7745, 0.8116, 0.8188, 0.8244, 0.8281, 0.8308, 0.8289]",14,0.8308,6,0.8116,7694.02007651329
as=cifar10=vit=distill=single,0.7856358289718628,"[0.32844, 0.37784, 0.45884, 0.54568, 0.61504, 0.69132, 0.73002, 0.74448, 0.75258, 0.7568, 0.7575, 0.75702]","[0.3841, 0.4495, 0.5287, 0.623, 0.6996, 0.7912, 0.8211, 0.8286, 0.8342, 0.84, 0.838, 0.8385]",15,0.84,6,0.8211,8207.273001432419
as=cifar10=vit=distill=single,0.8710945248603821,"[0.3252, 0.37776, 0.45944, 0.54368, 0.61452, 0.69736, 0.73352, 0.74758, 0.7565, 0.75972, 0.76078, 0.7601]","[0.3831, 0.4405, 0.5359, 0.626, 0.699, 0.7876, 0.8181, 0.835, 0.8389, 0.8445, 0.8459, 0.8455]",16,0.8459,7,0.835,8737.925373315811
as=cifar10=vit=distill=single,0.5390621423721313,"[0.33336, 0.38202, 0.46342, 0.54902, 0.62356, 0.70562, 0.73466, 0.75084, 0.76058, 0.76418, 0.76472, 0.7645]","[0.3939, 0.4423, 0.5402, 0.628, 0.7077, 0.7987, 0.8258, 0.8339, 0.8396, 0.8427, 0.844, 0.8428]",16,0.8459,7,0.835,9354.77221918106
as=cifar10=vit=distill=single,0.7269074320793152,"[0.33322, 0.38092, 0.4644, 0.55166, 0.62322, 0.70834, 0.74028, 0.75502, 0.7649, 0.76958, 0.76972, 0.7696]","[0.3827, 0.4416, 0.519, 0.6206, 0.7114, 0.8, 0.8231, 0.8314, 0.8383, 0.8423, 0.8451, 0.845]",16,0.8459,7,0.835,9993.455924749374
as=cifar10=vit=distill=single,0.6252822279930115,"[0.33722, 0.385, 0.46598, 0.55482, 0.62566, 0.71218, 0.74866, 0.76406, 0.77374, 0.77872, 0.77862, 0.77878]","[0.385, 0.4554, 0.5233, 0.6362, 0.7089, 0.8017, 0.8366, 0.8461, 0.8497, 0.8533, 0.8529, 0.8495]",19,0.8533,6,0.8366,10634.721962213516
as=cifar10=vit=distill=single,0.6314963102340698,"[0.3347, 0.38256, 0.4635, 0.55604, 0.62886, 0.71046, 0.75028, 0.76394, 0.7731, 0.77698, 0.7776, 0.77802]","[0.4033, 0.4509, 0.5147, 0.648, 0.7303, 0.8105, 0.8387, 0.8495, 0.8518, 0.8574, 0.8585, 0.8574]",20,0.8585,6,0.8387,11275.45479273796
as=cifar10=vit=distill=single,0.6252949237823486,"[0.33574, 0.38536, 0.46628, 0.55758, 0.6314, 0.7187, 0.75674, 0.77208, 0.78316, 0.78788, 0.7884, 0.78808]","[0.3507, 0.4513, 0.5468, 0.6353, 0.726, 0.8197, 0.8443, 0.8499, 0.8546, 0.856, 0.8588, 0.8575]",21,0.8588,6,0.8443,11920.10886335373
as=cifar10=vit=distill=single,0.6830132603645325,"[0.34232, 0.38894, 0.46994, 0.56076, 0.63564, 0.72786, 0.7619, 0.77734, 0.78748, 0.79176, 0.79216, 0.79134]","[0.358, 0.4353, 0.5187, 0.6472, 0.7229, 0.8155, 0.8396, 0.8497, 0.8558, 0.8581, 0.8564, 0.856]",21,0.8588,6,0.8443,12562.773577213287
as=cifar10=vit=distill=single,0.7191583514213562,"[0.34398, 0.3886, 0.46804, 0.55666, 0.63412, 0.7286, 0.76076, 0.77654, 0.78876, 0.79274, 0.7937, 0.7929]","[0.3956, 0.4553, 0.5331, 0.6394, 0.7218, 0.8156, 0.8328, 0.8409, 0.8424, 0.8458, 0.8482, 0.8471]",21,0.8588,6,0.8443,13089.839007377625
as=cifar10=vit=distill=single,0.6463935971260071,"[0.3392, 0.39066, 0.47088, 0.55846, 0.63832, 0.73284, 0.76744, 0.77982, 0.79252, 0.79604, 0.79654, 0.79644]","[0.3897, 0.4556, 0.535, 0.6323, 0.7261, 0.8272, 0.8458, 0.8565, 0.8571, 0.8617, 0.8626, 0.8618]",24,0.8626,6,0.8458,13604.11065530777
as=cifar10=vit=distill=single,0.5570066571235657,"[0.339, 0.3902, 0.46786, 0.56286, 0.64216, 0.74276, 0.76906, 0.78396, 0.79686, 0.80082, 0.8021, 0.8017]","[0.3886, 0.4613, 0.5547, 0.6502, 0.7372, 0.8225, 0.8421, 0.8514, 0.8559, 0.8575, 0.8578, 0.8566]",24,0.8626,6,0.8458,14119.20886182785
as=cifar10=vit=distill=single,0.6064414978027344,"[0.34466, 0.39332, 0.47094, 0.56502, 0.64546, 0.7463, 0.77308, 0.7893, 0.80074, 0.80548, 0.80482, 0.80506]","[0.3971, 0.4495, 0.5442, 0.646, 0.7399, 0.8374, 0.8562, 0.8653, 0.8691, 0.8737, 0.8739, 0.8735]",26,0.8739,6,0.8562,14635.651493310928
as=cifar10=vit=distill=single,0.46041983366012573,"[0.33732, 0.387, 0.46752, 0.56358, 0.64218, 0.74514, 0.77612, 0.79212, 0.80352, 0.80868, 0.80932, 0.80936]","[0.3702, 0.4486, 0.5579, 0.6546, 0.7423, 0.8325, 0.8522, 0.8604, 0.8642, 0.8704, 0.8707, 0.8695]",26,0.8739,6,0.8562,15148.908779382706
as=cifar10=vit=distill=single,0.5245240330696106,"[0.33964, 0.39116, 0.47238, 0.56534, 0.6466, 0.75264, 0.77824, 0.7952, 0.80544, 0.81, 0.81048, 0.8097]","[0.3958, 0.4734, 0.5547, 0.6539, 0.7241, 0.8233, 0.8348, 0.8455, 0.8496, 0.8554, 0.8572, 0.8558]",26,0.8739,6,0.8562,15661.53769159317
as=cifar10=vit=distill=single,0.6155152916908264,"[0.34456, 0.39178, 0.47234, 0.56292, 0.64362, 0.75476, 0.78342, 0.79858, 0.81088, 0.81474, 0.81608, 0.8162]","[0.4017, 0.4602, 0.5403, 0.6606, 0.7407, 0.8395, 0.8612, 0.8698, 0.8733, 0.874, 0.8751, 0.8748]",29,0.8751,6,0.8612,22855.53460407257
as=cifar10=vit=distill=single,0.5617613196372986,"[0.34226, 0.39252, 0.47138, 0.56354, 0.64508, 0.755, 0.78204, 0.80218, 0.81452, 0.81866, 0.81856, 0.81822]","[0.3928, 0.4609, 0.5589, 0.652, 0.7374, 0.8391, 0.8589, 0.8708, 0.8746, 0.8794, 0.879, 0.8774]",30,0.8794,7,0.8708,35611.62768793106
as=cifar10=vit=distill=single,0.6985641121864319,"[0.34726, 0.39634, 0.47448, 0.56844, 0.64768, 0.75926, 0.7835, 0.80254, 0.8141, 0.81922, 0.82036, 0.82014]","[0.3901, 0.4674, 0.5346, 0.6429, 0.7436, 0.8462, 0.8558, 0.8617, 0.8652, 0.8696, 0.8705, 0.8696]",30,0.8794,7,0.8708,48310.77980852127
as=cifar10=vit=distill=single,0.5972926616668701,"[0.34556, 0.3956, 0.47278, 0.56726, 0.64864, 0.75836, 0.78448, 0.80266, 0.81882, 0.82256, 0.82226, 0.82248]","[0.3975, 0.4615, 0.5534, 0.6611, 0.7456, 0.8428, 0.8648, 0.8714, 0.874, 0.8783, 0.8788, 0.8774]",30,0.8794,7,0.8708,58179.79469370842
as=cifar10=vit=distill=single,0.550873875617981,"[0.34504, 0.39234, 0.47444, 0.56594, 0.6471, 0.76004, 0.78402, 0.8063, 0.8173, 0.82332, 0.82392, 0.8238]","[0.3906, 0.4674, 0.541, 0.6621, 0.7413, 0.8409, 0.8615, 0.8739, 0.8769, 0.8775, 0.8769, 0.878]",30,0.8794,7,0.8708,61552.81688952446
as=cifar10=vit=distill=single,0.36523497104644775,"[0.34466, 0.39502, 0.47274, 0.5689, 0.64742, 0.76372, 0.79384, 0.80934, 0.82136, 0.82616, 0.82746, 0.82714]","[0.4008, 0.4684, 0.5475, 0.6644, 0.7418, 0.8447, 0.866, 0.8752, 0.8758, 0.8801, 0.8798, 0.8803]",34,0.8803,6,0.866,62068.667882442474
as=cifar10=vit=distill=single,0.4610532820224762,"[0.34564, 0.39482, 0.47298, 0.56722, 0.64812, 0.76242, 0.79818, 0.81414, 0.82678, 0.83088, 0.83138, 0.83232]","[0.3721, 0.4508, 0.5545, 0.6219, 0.7339, 0.8393, 0.8627, 0.8657, 0.8708, 0.8767, 0.8775, 0.8762]",34,0.8803,6,0.866,62584.65397953987
as=cifar10=vit=distill=single,0.4441834092140198,"[0.35092, 0.39676, 0.47476, 0.56794, 0.65274, 0.76648, 0.80068, 0.81742, 0.83102, 0.83556, 0.83596, 0.83558]","[0.3966, 0.4715, 0.5604, 0.6515, 0.7377, 0.8443, 0.864, 0.8673, 0.8713, 0.8716, 0.8735, 0.8735]",34,0.8803,6,0.866,63097.94460272789
as=cifar10=vit=distill=single,0.6114326119422913,"[0.34752, 0.3941, 0.4762, 0.57026, 0.65018, 0.76804, 0.7994, 0.81786, 0.8305, 0.83564, 0.8357, 0.83592]","[0.3875, 0.4559, 0.5492, 0.6594, 0.7479, 0.8503, 0.8704, 0.8722, 0.8773, 0.8818, 0.8818, 0.8819]",37,0.8819,6,0.8704,63609.63148379326
as=cifar10=vit=distill=single,0.6470303535461426,"[0.34688, 0.39624, 0.47226, 0.56848, 0.6478, 0.76762, 0.80492, 0.82124, 0.83492, 0.8406, 0.84, 0.84048]","[0.3863, 0.4522, 0.5509, 0.6655, 0.7472, 0.8569, 0.8706, 0.8786, 0.8806, 0.8839, 0.8854, 0.884]",38,0.8854,6,0.8706,64122.906025886536
as=cifar10=vit=distill=single,0.6275637745857239,"[0.34898, 0.39652, 0.4757, 0.5716, 0.65666, 0.77418, 0.80628, 0.82386, 0.83632, 0.84022, 0.841, 0.84168]","[0.3839, 0.4641, 0.536, 0.6465, 0.734, 0.8474, 0.8629, 0.8641, 0.8677, 0.872, 0.8723, 0.8702]",38,0.8854,6,0.8706,64636.61461186409
as=cifar10=vit=distill=single,0.5624837875366211,"[0.34764, 0.39464, 0.47462, 0.57058, 0.65238, 0.77682, 0.8057, 0.82458, 0.83846, 0.84272, 0.84348, 0.8434]","[0.3968, 0.4644, 0.5562, 0.6501, 0.7442, 0.8455, 0.8661, 0.872, 0.8737, 0.8786, 0.8782, 0.8793]",38,0.8854,6,0.8706,65150.09191155434
as=cifar10=vit=distill=single,0.4165921211242676,"[0.35552, 0.4055, 0.48394, 0.58314, 0.66954, 0.79674, 0.82726, 0.84778, 0.86094, 0.86594, 0.86694, 0.86638]","[0.4001, 0.4584, 0.5579, 0.6679, 0.7538, 0.8636, 0.8766, 0.8837, 0.8902, 0.8924, 0.893, 0.8921]",41,0.893,6,0.8766,65665.83866286278
as=cifar10=vit=distill=single,0.5637574195861816,"[0.35892, 0.41008, 0.48838, 0.58378, 0.67176, 0.80538, 0.8324, 0.8523, 0.86646, 0.87192, 0.8728, 0.8731]","[0.3926, 0.4725, 0.5654, 0.665, 0.7536, 0.8598, 0.8747, 0.8843, 0.8901, 0.894, 0.8933, 0.8914]",42,0.894,6,0.8747,66177.14239645004
as=cifar10=vit=distill=single,0.498350590467453,"[0.35602, 0.40662, 0.48638, 0.58644, 0.67402, 0.80536, 0.83366, 0.8544, 0.86836, 0.873, 0.87354, 0.87334]","[0.3995, 0.4704, 0.5596, 0.67, 0.7625, 0.8729, 0.8796, 0.8899, 0.8925, 0.8965, 0.8958, 0.8957]",43,0.8965,6,0.8796,66690.89805936813
as=cifar10=vit=distill=single,0.3404647409915924,"[0.3594, 0.4093, 0.48738, 0.58722, 0.6748, 0.80824, 0.83352, 0.85574, 0.86868, 0.8727, 0.8734, 0.87378]","[0.4013, 0.4779, 0.5526, 0.6737, 0.7621, 0.8715, 0.8832, 0.891, 0.8914, 0.8976, 0.8963, 0.8956]",44,0.8976,6,0.8832,67203.87377715111
as=cifar10=vit=distill=single,0.4621829390525818,"[0.35572, 0.40506, 0.48326, 0.58492, 0.67176, 0.80884, 0.83546, 0.85628, 0.87044, 0.87574, 0.87646, 0.87628]","[0.4051, 0.4829, 0.574, 0.6749, 0.7647, 0.8749, 0.8854, 0.892, 0.8949, 0.8974, 0.8989, 0.8978]",45,0.8989,6,0.8854,67715.50316739082
as=cifar10=vit=distill=single,0.45640864968299866,"[0.35708, 0.40594, 0.48718, 0.59124, 0.67452, 0.81116, 0.83802, 0.85942, 0.87118, 0.87602, 0.87724, 0.8773]","[0.4111, 0.4833, 0.5621, 0.6734, 0.7682, 0.8665, 0.8779, 0.8883, 0.8926, 0.8946, 0.8942, 0.8943]",45,0.8989,6,0.8854,68225.22926807404
as=cifar10=vit=distill=single,0.4948633313179016,"[0.3605, 0.40982, 0.48984, 0.58758, 0.67762, 0.80946, 0.83664, 0.85736, 0.87186, 0.87586, 0.87652, 0.8761]","[0.4185, 0.4801, 0.5645, 0.6775, 0.7616, 0.8719, 0.8856, 0.8948, 0.8951, 0.899, 0.898, 0.8984]",47,0.899,6,0.8856,68739.08579421043
as=cifar10=vit=distill=single,0.5370470881462097,"[0.35836, 0.40888, 0.48854, 0.58448, 0.67666, 0.81194, 0.84174, 0.86218, 0.87702, 0.88222, 0.8824, 0.8824]","[0.4019, 0.4734, 0.5682, 0.6708, 0.7624, 0.8696, 0.8782, 0.8884, 0.8937, 0.8997, 0.897, 0.8973]",48,0.8997,7,0.8884,69253.92340874672
as=cifar10=vit=distill=single,0.4258185029029846,"[0.36086, 0.40844, 0.48744, 0.58664, 0.673, 0.81816, 0.84198, 0.86346, 0.8774, 0.8824, 0.88288, 0.88264]","[0.4004, 0.4809, 0.5613, 0.6733, 0.7555, 0.8716, 0.8789, 0.885, 0.8924, 0.8949, 0.8954, 0.8951]",48,0.8997,7,0.8884,69766.66757798195
as=cifar10=vit=distill=single,0.26587173342704773,"[0.36146, 0.40892, 0.48634, 0.586, 0.67372, 0.81478, 0.83912, 0.86186, 0.87478, 0.87892, 0.8792, 0.87922]","[0.4106, 0.4825, 0.5754, 0.6809, 0.7669, 0.8728, 0.8835, 0.8913, 0.8959, 0.8989, 0.8992, 0.9008]",50,0.9008,6,0.8835,70279.30444335938
as=cifar10=vit=distill=single,0.45135992765426636,"[0.36166, 0.40946, 0.4887, 0.58784, 0.67552, 0.81656, 0.8456, 0.86482, 0.87856, 0.88182, 0.88266, 0.88204]","[0.4046, 0.4778, 0.5705, 0.6685, 0.7522, 0.8704, 0.8816, 0.8895, 0.893, 0.8979, 0.8965, 0.8978]",50,0.9008,6,0.8835,70795.2560544014
as=cifar10=vit=distill=single,0.42061564326286316,"[0.36442, 0.41504, 0.49346, 0.59452, 0.6841, 0.82824, 0.85428, 0.8746, 0.88828, 0.89206, 0.89288, 0.8928]","[0.408, 0.4813, 0.5738, 0.6787, 0.7673, 0.8796, 0.89, 0.899, 0.9018, 0.9073, 0.9074, 0.9062]",52,0.9074,6,0.89,71308.16334748268
as=cifar10=vit=distill=single,0.646296501159668,"[0.36646, 0.41668, 0.4937, 0.59544, 0.68426, 0.83274, 0.85506, 0.87616, 0.88958, 0.8938, 0.89404, 0.89452]","[0.4058, 0.4828, 0.5704, 0.6715, 0.7683, 0.8747, 0.8898, 0.8971, 0.8998, 0.9018, 0.9023, 0.903]",52,0.9074,6,0.89,71820.17018818855
as=cifar10=vit=distill=single,0.35885268449783325,"[0.36634, 0.41568, 0.49564, 0.5967, 0.6851, 0.832, 0.85782, 0.8776, 0.89146, 0.89546, 0.89574, 0.89572]","[0.4067, 0.4845, 0.5711, 0.6853, 0.772, 0.881, 0.8921, 0.9002, 0.9041, 0.9088, 0.9079, 0.9087]",54,0.9088,6,0.8921,72331.868029356
as=cifar10=vit=distill=single,0.3128795623779297,"[0.36562, 0.41662, 0.4938, 0.59586, 0.6878, 0.83266, 0.86014, 0.87884, 0.8936, 0.8979, 0.89894, 0.89902]","[0.4042, 0.4849, 0.5663, 0.6845, 0.7733, 0.8808, 0.892, 0.9009, 0.903, 0.9075, 0.9079, 0.9088]",54,0.9088,6,0.8921,72846.12139844894
as=cifar10=vit=distill=single,0.2828754186630249,"[0.3695, 0.41872, 0.4984, 0.59846, 0.6903, 0.83676, 0.86016, 0.88204, 0.89396, 0.89768, 0.8982, 0.89818]","[0.4063, 0.4837, 0.5795, 0.687, 0.7716, 0.8846, 0.8949, 0.9037, 0.9059, 0.9097, 0.9103, 0.9116]",56,0.9116,6,0.8949,73360.14601063728
as=cifar10=vit=distill=single,0.35492753982543945,"[0.3689, 0.42048, 0.49922, 0.6012, 0.6887, 0.8355, 0.86134, 0.88282, 0.89508, 0.89888, 0.90006, 0.90054]","[0.4099, 0.4873, 0.5759, 0.681, 0.7712, 0.8818, 0.892, 0.9002, 0.9034, 0.906, 0.9062, 0.9051]",56,0.9116,6,0.8949,73873.68970894814
as=cifar10=vit=distill=single,0.4984845519065857,"[0.36914, 0.4179, 0.49762, 0.59578, 0.69082, 0.83752, 0.86118, 0.88228, 0.8945, 0.90004, 0.90002, 0.90018]","[0.4248, 0.4916, 0.568, 0.6807, 0.7706, 0.8815, 0.8931, 0.8999, 0.9042, 0.9068, 0.9071, 0.9076]",56,0.9116,6,0.8949,74386.83333444595
as=cifar10=vit=distill=single,0.46142739057540894,"[0.37016, 0.42012, 0.49586, 0.59774, 0.69028, 0.83898, 0.86462, 0.88376, 0.89756, 0.90118, 0.90154, 0.90192]","[0.4148, 0.4847, 0.5752, 0.6871, 0.7736, 0.8845, 0.891, 0.8995, 0.9052, 0.9085, 0.9092, 0.9084]",56,0.9116,6,0.8949,74901.39672517776
as=cifar10=vit=distill=single,0.30348122119903564,"[0.36912, 0.4171, 0.49502, 0.59624, 0.69248, 0.8391, 0.86392, 0.88432, 0.8968, 0.90182, 0.9019, 0.90216]","[0.4234, 0.4887, 0.5706, 0.6778, 0.77, 0.8817, 0.893, 0.9008, 0.9037, 0.905, 0.9071, 0.9065]",56,0.9116,6,0.8949,75413.4509408474
as=cifar10=vit=distill=single,0.40268951654434204,"[0.3679, 0.41628, 0.4978, 0.6004, 0.6914, 0.83902, 0.8639, 0.88426, 0.8956, 0.90072, 0.9006, 0.90134]","[0.4011, 0.4809, 0.5672, 0.6849, 0.7713, 0.8859, 0.893, 0.9011, 0.906, 0.9109, 0.9113, 0.9115]",56,0.9116,6,0.8949,75927.37894177437
as=cifar10=vit=distill=single,0.2720775604248047,"[0.37368, 0.42178, 0.50198, 0.60106, 0.69328, 0.8464, 0.86884, 0.8877, 0.90094, 0.90398, 0.90482, 0.90496]","[0.4159, 0.4902, 0.5788, 0.6884, 0.7747, 0.8863, 0.8953, 0.9038, 0.9065, 0.9098, 0.9108, 0.9117]",62,0.9117,6,0.8953,76442.62334227562
as=cifar10=vit=distill=single,0.33669978380203247,"[0.37058, 0.42126, 0.50144, 0.60222, 0.69682, 0.84876, 0.87212, 0.89154, 0.904, 0.90696, 0.90754, 0.9072]","[0.421, 0.4902, 0.5731, 0.6859, 0.7749, 0.8877, 0.8955, 0.9028, 0.9082, 0.9112, 0.912, 0.9125]",63,0.9125,6,0.8955,76958.1122200489
as=cifar10=vit=distill=single,0.3117530941963196,"[0.36876, 0.42218, 0.50224, 0.60094, 0.69258, 0.84768, 0.87026, 0.88896, 0.90296, 0.90674, 0.90714, 0.9072]","[0.4141, 0.4932, 0.575, 0.691, 0.7762, 0.8872, 0.8967, 0.904, 0.9058, 0.9099, 0.9085, 0.9092]",63,0.9125,6,0.8955,77473.09769487381
as=cifar10=vit=distill=single,0.3440917730331421,"[0.3754, 0.42452, 0.50366, 0.60474, 0.69736, 0.8494, 0.87172, 0.89108, 0.90194, 0.90628, 0.90756, 0.90756]","[0.4195, 0.4905, 0.5801, 0.6862, 0.7762, 0.8882, 0.8963, 0.9045, 0.9058, 0.9088, 0.9108, 0.9114]",63,0.9125,6,0.8955,77984.12111067772
as=cifar10=vit=distill=single,0.33964747190475464,"[0.37188, 0.42086, 0.5011, 0.60354, 0.6933, 0.84956, 0.87176, 0.89118, 0.90338, 0.90696, 0.90764, 0.90742]","[0.4182, 0.4891, 0.5776, 0.6874, 0.7757, 0.8879, 0.8961, 0.9072, 0.9074, 0.9111, 0.9099, 0.9112]",63,0.9125,6,0.8955,78497.15567040443
as=cifar10=vit=distill=single,0.29755377769470215,"[0.3724, 0.4228, 0.50158, 0.60446, 0.6974, 0.85126, 0.8736, 0.89376, 0.90608, 0.90964, 0.90966, 0.90952]","[0.4136, 0.489, 0.5796, 0.687, 0.7765, 0.8897, 0.8969, 0.9044, 0.907, 0.9115, 0.9123, 0.9115]",63,0.9125,6,0.8955,79008.58218598366
as=cifar10=vit=distill=single,0.30143123865127563,"[0.37538, 0.42636, 0.50442, 0.60414, 0.69786, 0.85348, 0.875, 0.89384, 0.9068, 0.9102, 0.9109, 0.91066]","[0.408, 0.487, 0.5799, 0.6896, 0.7733, 0.889, 0.8973, 0.9029, 0.9054, 0.9109, 0.9116, 0.9115]",63,0.9125,6,0.8955,79520.86534380913
as=cifar10=vit=distill=single,0.3227238655090332,"[0.37404, 0.4245, 0.50548, 0.60764, 0.70084, 0.85418, 0.87576, 0.89538, 0.90836, 0.9114, 0.91142, 0.9116]","[0.4102, 0.4872, 0.5746, 0.6907, 0.7788, 0.8861, 0.8968, 0.9057, 0.909, 0.9111, 0.911, 0.9109]",63,0.9125,6,0.8955,80031.83675956726
as=cifar10=vit=distill=single,0.34013575315475464,"[0.37004, 0.4217, 0.50008, 0.6031, 0.69778, 0.85418, 0.87406, 0.89322, 0.90706, 0.90988, 0.91014, 0.90992]","[0.4196, 0.4927, 0.5771, 0.6842, 0.7785, 0.8888, 0.8991, 0.9052, 0.9081, 0.9115, 0.9125, 0.913]",70,0.913,6,0.8991,80545.47284054756
as=cifar10=vit=distill=single,0.2814253866672516,"[0.37396, 0.42022, 0.50106, 0.60126, 0.69792, 0.85494, 0.87584, 0.89642, 0.90772, 0.91162, 0.91198, 0.91216]","[0.4158, 0.4946, 0.5811, 0.6852, 0.7787, 0.8889, 0.8961, 0.9049, 0.9077, 0.9113, 0.9137, 0.9128]",71,0.9137,6,0.8961,81054.61380767822
as=cifar10=vit=distill=single,0.4535810947418213,"[0.37462, 0.42816, 0.50262, 0.60544, 0.69688, 0.85372, 0.87648, 0.89476, 0.90686, 0.91026, 0.91078, 0.91082]","[0.4172, 0.494, 0.5851, 0.6917, 0.7726, 0.8892, 0.8946, 0.9044, 0.9057, 0.9105, 0.9127, 0.9126]",71,0.9137,6,0.8961,81573.22909450531
as=cifar10=vit=distill=single,0.2582620680332184,"[0.37614, 0.42456, 0.50356, 0.60548, 0.699, 0.85492, 0.87524, 0.89528, 0.90794, 0.91176, 0.91158, 0.9116]","[0.4183, 0.4917, 0.5798, 0.6879, 0.776, 0.8896, 0.8982, 0.9052, 0.9075, 0.9113, 0.9108, 0.9121]",71,0.9137,6,0.8961,82097.97569799423
as=cifar10=vit=distill=single,0.4171408712863922,"[0.37114, 0.42334, 0.50176, 0.60268, 0.7005, 0.8546, 0.87566, 0.8951, 0.90708, 0.91042, 0.9109, 0.9118]","[0.4204, 0.4895, 0.5792, 0.6886, 0.7751, 0.8903, 0.8978, 0.9061, 0.9081, 0.9125, 0.9154, 0.9146]",74,0.9154,6,0.8978,82620.72875475883
as=cifar10=vit=distill=single,0.29735368490219116,"[0.37608, 0.42516, 0.50376, 0.60482, 0.6998, 0.85828, 0.87806, 0.89728, 0.90852, 0.91266, 0.91294, 0.91342]","[0.4201, 0.4911, 0.5768, 0.6853, 0.7744, 0.8893, 0.8958, 0.905, 0.9078, 0.9098, 0.9122, 0.9123]",74,0.9154,6,0.8978,83133.56322145462
as=cifar10=vit=distill=single,0.3033939003944397,"[0.37342, 0.42626, 0.50486, 0.6073, 0.70144, 0.858, 0.8775, 0.89506, 0.90728, 0.91242, 0.91308, 0.9126]","[0.4184, 0.4879, 0.5821, 0.6882, 0.7765, 0.8898, 0.896, 0.904, 0.9073, 0.9115, 0.9122, 0.9124]",74,0.9154,6,0.8978,83645.8280723095
as=cifar10=vit=distill=single,0.28485143184661865,"[0.37688, 0.4276, 0.50526, 0.60794, 0.70194, 0.85742, 0.8763, 0.89708, 0.90916, 0.9121, 0.9123, 0.91236]","[0.4127, 0.4911, 0.5768, 0.6895, 0.7754, 0.8894, 0.8979, 0.9053, 0.9085, 0.9119, 0.9131, 0.9117]",74,0.9154,6,0.8978,84158.83911180496
as=cifar10=vit=distill=single,0.3954732120037079,"[0.37446, 0.42754, 0.50412, 0.60786, 0.703, 0.8584, 0.8787, 0.89734, 0.91, 0.91432, 0.91548, 0.91522]","[0.4219, 0.4936, 0.5768, 0.6851, 0.7777, 0.8898, 0.8986, 0.9073, 0.909, 0.9122, 0.9133, 0.9126]",74,0.9154,6,0.8978,84675.91510820389
as=cifar10=vit=distill=single,0.41707515716552734,"[0.37328, 0.4248, 0.50442, 0.60372, 0.69802, 0.85934, 0.8803, 0.89996, 0.91188, 0.91448, 0.91464, 0.9152]","[0.4136, 0.4896, 0.5769, 0.6872, 0.7753, 0.8912, 0.8985, 0.906, 0.9104, 0.9142, 0.9147, 0.9141]",74,0.9154,6,0.8978,85189.07531070709
as=cifar10=vit=distill=single,0.4404929280281067,"[0.37312, 0.42542, 0.50452, 0.60482, 0.7, 0.86086, 0.88048, 0.90058, 0.91246, 0.91544, 0.91534, 0.91508]","[0.4205, 0.4879, 0.5719, 0.6868, 0.776, 0.8887, 0.8965, 0.9076, 0.9091, 0.9132, 0.9152, 0.9143]",74,0.9154,6,0.8978,85702.7381169796
as=cifar10=vit=distill=single,0.38975685834884644,"[0.37664, 0.42656, 0.50568, 0.6073, 0.6995, 0.85702, 0.8773, 0.89804, 0.91132, 0.91414, 0.9145, 0.9147]","[0.4104, 0.4848, 0.5827, 0.6864, 0.7771, 0.8896, 0.8959, 0.9062, 0.9092, 0.9124, 0.9144, 0.9146]",74,0.9154,6,0.8978,86213.07870197296
as=cifar10=vit=distill=single,0.3122459650039673,"[0.37602, 0.42774, 0.50636, 0.60598, 0.7009, 0.85994, 0.87928, 0.8983, 0.91128, 0.91452, 0.9148, 0.91516]","[0.4208, 0.4877, 0.5811, 0.6866, 0.7754, 0.8888, 0.8976, 0.9062, 0.9077, 0.9131, 0.9142, 0.9135]",74,0.9154,6,0.8978,86727.69853806496
as=cifar10=vit=distill=single,0.32180607318878174,"[0.37622, 0.42498, 0.50476, 0.60934, 0.70036, 0.85958, 0.87872, 0.89818, 0.91166, 0.91426, 0.91422, 0.91456]","[0.4218, 0.496, 0.5837, 0.6886, 0.7735, 0.8866, 0.8963, 0.9052, 0.9065, 0.9128, 0.9116, 0.9126]",74,0.9154,6,0.8978,87241.42659187317
as=cifar10=vit=distill=single,0.22633147239685059,"[0.37564, 0.42702, 0.506, 0.60542, 0.7015, 0.86058, 0.87856, 0.8983, 0.90942, 0.91258, 0.91336, 0.91316]","[0.4156, 0.4901, 0.583, 0.6881, 0.7736, 0.8884, 0.8944, 0.905, 0.9077, 0.9103, 0.9111, 0.9114]",74,0.9154,6,0.8978,87753.0979616642
as=cifar10=vit=distill=single,0.3318418860435486,"[0.37854, 0.42696, 0.50508, 0.60574, 0.70482, 0.85948, 0.88088, 0.89904, 0.91126, 0.9142, 0.91522, 0.91528]","[0.4208, 0.4923, 0.5793, 0.6887, 0.7747, 0.8863, 0.8965, 0.9029, 0.9082, 0.9128, 0.9123, 0.9129]",74,0.9154,6,0.8978,88263.45831990242
as=cifar10=vit=distill=single,0.2748550772666931,"[0.35318, 0.40378, 0.47374, 0.57256, 0.66388, 0.80896, 0.83614, 0.8554, 0.8708, 0.87488, 0.8753, 0.87554]","[0.4099, 0.4714, 0.5367, 0.6653, 0.7442, 0.8668, 0.8786, 0.8808, 0.8853, 0.8877, 0.8887, 0.8885]",74,0.9154,6,0.8978,88774.46747899055
as=cifar10=vit=distill=single,0.5026078224182129,"[0.35946, 0.41078, 0.48662, 0.58916, 0.68098, 0.82788, 0.85262, 0.87304, 0.8854, 0.88966, 0.89052, 0.89044]","[0.4174, 0.4872, 0.5668, 0.6657, 0.7568, 0.8816, 0.8877, 0.8923, 0.8949, 0.8969, 0.8973, 0.8981]",74,0.9154,6,0.8978,89289.689950943
as=cifar10=vit=distill=single,0.35954567790031433,"[0.35968, 0.40998, 0.48964, 0.59022, 0.68166, 0.83472, 0.85692, 0.87774, 0.89008, 0.89366, 0.89518, 0.89472]","[0.4187, 0.4867, 0.5761, 0.6719, 0.7636, 0.8743, 0.8852, 0.893, 0.8963, 0.9004, 0.9022, 0.9026]",74,0.9154,6,0.8978,89808.23470759392
as=cifar10=vit=distill=single,0.352377325296402,"[0.3621, 0.41434, 0.49008, 0.58904, 0.68534, 0.83238, 0.85568, 0.87584, 0.89022, 0.89338, 0.89454, 0.8947]","[0.4169, 0.4821, 0.568, 0.6785, 0.7651, 0.8839, 0.891, 0.8936, 0.8974, 0.9, 0.9028, 0.9027]",74,0.9154,6,0.8978,90322.31211256981
as=cifar10=vit=distill=single,0.3119868040084839,"[0.36444, 0.41224, 0.491, 0.592, 0.68512, 0.83622, 0.86072, 0.8806, 0.89232, 0.89702, 0.89682, 0.89692]","[0.4061, 0.4853, 0.5754, 0.6763, 0.7654, 0.8826, 0.8868, 0.8949, 0.8982, 0.9028, 0.9032, 0.9041]",74,0.9154,6,0.8978,90838.22226047516
as=cifar10=vit=distill=single,0.22142159938812256,"[0.36166, 0.41812, 0.48878, 0.5931, 0.68452, 0.83546, 0.85774, 0.8762, 0.88956, 0.89316, 0.8936, 0.89438]","[0.4141, 0.489, 0.5691, 0.6819, 0.767, 0.8804, 0.8881, 0.8962, 0.9002, 0.904, 0.9034, 0.904]",74,0.9154,6,0.8978,91348.53876185417
as=cifar10=vit=distill=single,0.41177332401275635,"[0.36416, 0.41088, 0.49058, 0.58888, 0.68262, 0.83472, 0.8577, 0.8766, 0.89016, 0.8944, 0.89558, 0.89488]","[0.4167, 0.4892, 0.5583, 0.6872, 0.7681, 0.8806, 0.8883, 0.8982, 0.9018, 0.9034, 0.904, 0.9042]",74,0.9154,6,0.8978,91857.23425149918
as=cifar10=vit=distill=single,0.36252573132514954,"[0.36918, 0.4171, 0.49796, 0.59876, 0.69396, 0.84666, 0.86764, 0.88672, 0.89948, 0.90378, 0.90422, 0.90414]","[0.4233, 0.4903, 0.5683, 0.6867, 0.7695, 0.887, 0.8948, 0.9026, 0.9052, 0.909, 0.909, 0.9094]",74,0.9154,6,0.8978,92374.9919719696
as=cifar10=vit=distill=single,0.30039137601852417,"[0.3738, 0.41882, 0.49954, 0.5999, 0.69436, 0.84946, 0.87128, 0.8904, 0.90276, 0.90596, 0.90656, 0.90634]","[0.4087, 0.4911, 0.5744, 0.6879, 0.7738, 0.8867, 0.8919, 0.8976, 0.9004, 0.9073, 0.9068, 0.907]",74,0.9154,6,0.8978,92894.67759013176
as=cifar10=vit=distill=single,0.23763611912727356,"[0.37138, 0.41928, 0.49866, 0.60134, 0.69262, 0.85142, 0.87222, 0.89142, 0.90362, 0.90682, 0.90698, 0.90674]","[0.4101, 0.4873, 0.5801, 0.6868, 0.7711, 0.8855, 0.896, 0.9022, 0.9077, 0.912, 0.9108, 0.9115]",74,0.9154,6,0.8978,93406.67426943779
as=cifar10=vit=distill=single,0.37660282850265503,"[0.37016, 0.41816, 0.49714, 0.5979, 0.69106, 0.85238, 0.87086, 0.89154, 0.90256, 0.90548, 0.90582, 0.90598]","[0.4197, 0.4902, 0.577, 0.6874, 0.7687, 0.8867, 0.8955, 0.9017, 0.9041, 0.908, 0.9103, 0.9098]",74,0.9154,6,0.8978,93917.89888906479
as=cifar10=vit=distill=single,0.49204021692276,"[0.35168, 0.40076, 0.47832, 0.5726, 0.66462, 0.80564, 0.83562, 0.85626, 0.87008, 0.87424, 0.8745, 0.87474]","[0.3977, 0.445, 0.5437, 0.6539, 0.7546, 0.8636, 0.8751, 0.8795, 0.8831, 0.8836, 0.8851, 0.8843]",74,0.9154,6,0.8978,97809.03788304329
as=cifar10=vit=distill=single,0.6172353029251099,"[0.34926, 0.39918, 0.47464, 0.57434, 0.66614, 0.80428, 0.8307, 0.85182, 0.86496, 0.87004, 0.87106, 0.87042]","[0.4104, 0.4711, 0.5675, 0.6609, 0.7501, 0.8699, 0.8833, 0.8861, 0.8877, 0.89, 0.8906, 0.8894]",74,0.9154,6,0.8978,103313.78807091713
as=cifar10=vit=distill=single,0.5033529996871948,"[0.36212, 0.41096, 0.48834, 0.58808, 0.67832, 0.82606, 0.84812, 0.86682, 0.88008, 0.88462, 0.885, 0.88516]","[0.4124, 0.4914, 0.5679, 0.6784, 0.7663, 0.882, 0.8881, 0.8944, 0.8974, 0.9004, 0.9009, 0.9005]",74,0.9154,6,0.8978,109549.9542336464
as=cifar10=vit=distill=single,0.44147196412086487,"[0.36262, 0.41454, 0.49236, 0.59048, 0.68492, 0.83086, 0.85254, 0.87284, 0.88636, 0.89134, 0.89154, 0.89186]","[0.4071, 0.4634, 0.5657, 0.669, 0.7573, 0.8754, 0.8828, 0.8894, 0.8937, 0.8953, 0.8948, 0.8942]",74,0.9154,6,0.8978,117271.02452731133
as=cifar10=vit=distill=single,0.3077549338340759,"[0.36408, 0.4114, 0.4899, 0.58984, 0.68344, 0.83364, 0.85792, 0.87672, 0.88926, 0.89336, 0.89376, 0.89324]","[0.4259, 0.4856, 0.57, 0.6802, 0.7629, 0.8768, 0.8856, 0.8917, 0.8949, 0.8979, 0.8983, 0.8993]",74,0.9154,6,0.8978,118350.3735435009
as=cifar10=vit=distill=single,0.3171931803226471,"[0.36224, 0.41212, 0.48866, 0.5887, 0.68274, 0.83392, 0.85488, 0.87646, 0.88792, 0.89284, 0.8932, 0.89396]","[0.4001, 0.4783, 0.5675, 0.6763, 0.7628, 0.8786, 0.8892, 0.897, 0.8992, 0.9045, 0.9054, 0.9055]",74,0.9154,6,0.8978,118865.4925301075
as=cifar10=vit=distill=single,0.29898762702941895,"[0.3628, 0.41042, 0.48694, 0.58704, 0.68024, 0.83528, 0.857, 0.87696, 0.89036, 0.8939, 0.89462, 0.89406]","[0.4082, 0.4805, 0.568, 0.6755, 0.7597, 0.8768, 0.8842, 0.8938, 0.8954, 0.9004, 0.9004, 0.8995]",74,0.9154,6,0.8978,119377.4388179779
as=cifar10=vit=distill=single,0.416647732257843,"[0.36208, 0.40994, 0.48958, 0.5908, 0.6813, 0.83462, 0.85644, 0.87828, 0.89112, 0.89548, 0.89566, 0.89598]","[0.4013, 0.4727, 0.5735, 0.6723, 0.7619, 0.8747, 0.8889, 0.897, 0.8996, 0.9017, 0.9024, 0.9019]",74,0.9154,6,0.8978,119894.82839632034
as=cifar10=vit=distill=single,0.3189779818058014,"[0.36874, 0.42294, 0.4997, 0.60048, 0.69238, 0.84806, 0.86804, 0.8882, 0.90086, 0.90496, 0.90506, 0.90498]","[0.4216, 0.4896, 0.5793, 0.6866, 0.7665, 0.8867, 0.8945, 0.8986, 0.9062, 0.9091, 0.9083, 0.908]",74,0.9154,6,0.8978,120409.84649777412
as=cifar10=vit=distill=single,0.3788933753967285,"[0.3693, 0.41912, 0.49848, 0.59922, 0.69202, 0.8506, 0.8704, 0.89064, 0.90256, 0.90562, 0.9066, 0.90626]","[0.4029, 0.4843, 0.5734, 0.686, 0.7712, 0.8833, 0.8937, 0.9015, 0.9074, 0.908, 0.9078, 0.9083]",74,0.9154,6,0.8978,120941.06484985352
as=cifar10=vit=distill=single,0.27052783966064453,"[0.36922, 0.41878, 0.49638, 0.5999, 0.69212, 0.85264, 0.8728, 0.89234, 0.9056, 0.90846, 0.90874, 0.90906]","[0.4188, 0.4844, 0.5627, 0.6849, 0.7717, 0.8864, 0.8947, 0.9014, 0.9039, 0.9074, 0.9077, 0.9074]",74,0.9154,6,0.8978,121594.9279551506
as=cifar10=vit=distill=single,0.29780006408691406,"[0.35294, 0.40014, 0.4739, 0.57532, 0.66516, 0.80886, 0.83612, 0.85532, 0.86858, 0.87294, 0.8741, 0.87426]","[0.4088, 0.4761, 0.5555, 0.6676, 0.754, 0.8638, 0.8727, 0.8787, 0.88, 0.881, 0.8806, 0.881]",74,0.9154,6,0.8978,122310.7472038269
as=cifar10=vit=distill=single,0.41076260805130005,"[0.35074, 0.39836, 0.47564, 0.5707, 0.66036, 0.80446, 0.82858, 0.84832, 0.86028, 0.86462, 0.86596, 0.86572]","[0.4024, 0.4781, 0.5519, 0.6583, 0.7586, 0.8635, 0.8766, 0.8836, 0.886, 0.8887, 0.8888, 0.8886]",74,0.9154,6,0.8978,122826.0049610138
as=cifar10=vit=distill=single,0.5114836096763611,"[0.3513, 0.40026, 0.47862, 0.57646, 0.66318, 0.80748, 0.83246, 0.85246, 0.86512, 0.8698, 0.87124, 0.8709]","[0.403, 0.4776, 0.5559, 0.6687, 0.7536, 0.8648, 0.8738, 0.8837, 0.8865, 0.8915, 0.8912, 0.8893]",74,0.9154,6,0.8978,123339.84603095055
as=cifar10=vit=distill=single,0.2957223653793335,"[0.3586, 0.41064, 0.48544, 0.58704, 0.67956, 0.82586, 0.848, 0.87002, 0.88176, 0.886, 0.88678, 0.887]","[0.4068, 0.485, 0.5709, 0.6759, 0.7657, 0.8778, 0.8894, 0.8931, 0.8979, 0.8996, 0.8981, 0.8979]",74,0.9154,6,0.8978,123855.67582559586
as=cifar10=vit=distill=single,0.38107040524482727,"[0.36336, 0.41138, 0.4874, 0.58804, 0.68206, 0.83214, 0.8553, 0.87414, 0.88644, 0.8917, 0.89198, 0.89192]","[0.4171, 0.4825, 0.5593, 0.6731, 0.7642, 0.883, 0.8908, 0.8962, 0.8992, 0.9013, 0.9022, 0.9016]",74,0.9154,6,0.8978,124371.6678314209
as=cifar10=vit=distill=single,0.2693495750427246,"[0.362, 0.41124, 0.49042, 0.58514, 0.6808, 0.83384, 0.85662, 0.8771, 0.89194, 0.89496, 0.89566, 0.89646]","[0.4124, 0.4777, 0.5735, 0.6702, 0.7655, 0.8694, 0.8834, 0.8926, 0.8962, 0.8996, 0.8995, 0.899]",74,0.9154,6,0.8978,124885.29217600822
as=cifar10=vit=distill=single,0.3170629143714905,"[0.3654, 0.4161, 0.49208, 0.59126, 0.68292, 0.83592, 0.8582, 0.87836, 0.89108, 0.89526, 0.8959, 0.896]","[0.4069, 0.4641, 0.5532, 0.6647, 0.7517, 0.8695, 0.8793, 0.8862, 0.89, 0.8925, 0.8941, 0.8931]",74,0.9154,6,0.8978,125400.45252013206
as=cifar10=vit=distill=single,0.4523962736129761,"[0.36408, 0.41048, 0.48856, 0.59238, 0.68276, 0.8355, 0.858, 0.87884, 0.89264, 0.89742, 0.89852, 0.89846]","[0.4114, 0.4748, 0.5763, 0.6716, 0.7653, 0.8824, 0.8911, 0.8972, 0.8989, 0.9005, 0.9022, 0.9018]",74,0.9154,6,0.8978,125912.9595336914
as=cifar10=vit=distill=single,0.24100013077259064,"[0.36282, 0.4114, 0.4894, 0.5903, 0.68296, 0.83912, 0.85968, 0.87902, 0.89142, 0.89536, 0.89596, 0.89554]","[0.4021, 0.4757, 0.5617, 0.6819, 0.7711, 0.8802, 0.8883, 0.8955, 0.8964, 0.8997, 0.9007, 0.9008]",74,0.9154,6,0.8978,126431.94823360443
as=cifar10=vit=distill=single,0.4159306585788727,"[0.3651, 0.41566, 0.4941, 0.59504, 0.69012, 0.84772, 0.86744, 0.88778, 0.90006, 0.90338, 0.9032, 0.90368]","[0.4101, 0.4848, 0.5749, 0.679, 0.7656, 0.8844, 0.8926, 0.9003, 0.902, 0.9044, 0.9044, 0.9047]",74,0.9154,6,0.8978,126952.57579112053
as=cifar10=vit=distill=single,0.3632107377052307,"[0.3682, 0.41934, 0.49888, 0.59912, 0.69276, 0.84948, 0.86984, 0.88774, 0.90186, 0.9059, 0.90582, 0.90562]","[0.4127, 0.4846, 0.5803, 0.6837, 0.7712, 0.8864, 0.8918, 0.8991, 0.9025, 0.9061, 0.9075, 0.9078]",74,0.9154,6,0.8978,127716.84666371346
as=cifar10=vit=distill=single,0.2999306619167328,"[0.34962, 0.3954, 0.47284, 0.5689, 0.661, 0.80802, 0.83378, 0.85268, 0.86456, 0.86842, 0.8695, 0.86944]","[0.4188, 0.4679, 0.5502, 0.6645, 0.7574, 0.8672, 0.8776, 0.8845, 0.8858, 0.8903, 0.8894, 0.8902]",74,0.9154,6,0.8978,128179.75520014763
